АРТИКУЛ,НАИМЕНОВАНИЕ ДЕТАЛИ,СОСТОЯНИЕ,МАРКА,МОДЕЛЬ,ВЕРСИЯ,НОМЕР ДЕТАЛИ,ОБЪЕМ ДВИГАТЕЛЯ,ГОД,L_R,F_R,U_D,ЦВЕТ,ОПИСАНИЕ DROM,КОЛИЧЕСТВО,ЦЕНА,НАЛИЧИЕ,СРОК ДОСТАВКИ,ФОТО,Страница
АРТИКУЛ: D-127435468,Двигатель,б/у,Ford,Focus,    ,R9DA; R9DB; R9DC; R9DD, 2.0 л,2017 ,L,R,,,"Двигатель Ford Focus 2017 г.в., бензин,  2.0 л. Будьте готовы назвать АРТИКУЛ: D-127435468. Номер детали: R9DA, R9DA; R9DB; R9DC; R9DD. Склад: 4_2458_PB_298383. Контрактная деталь, без пробега по России. Задавайте, пожалуйста, вопросы непосредственно перед заключением сделки, остатки меняются ежедневно. Доставку осуществляем ТК сразу в ваш город. Срок доставки до Москвы 2-4 дня, бывают исключения, где сроки доставки могут увеличиться. Состояние вы оцениваете сами, по предоставленным фотографиям). Если деталь не понадобилась - возврат не рассматривается! По VIN автомобиля запчасти не подбираем, строго по заводскому номеру, указанному на детали. С Уважением, компания REPPART!",1,366300,под заказ,2-4 дня,http://171.25.166.53/~Reppart/reppart/298383-127435468.png,1813
АРТИКУЛ: D-79693892,Дверь передняя левая,б/у,Ford,Focus 3,    ,, 1.6 л,2015 ,L,R,,,"Дверь передняя левая Ford Focus 3 2015 г.в., бензин,  1.6 л. Будьте готовы назвать АРТИКУЛ: D-79693892. Склад: 4_350_PB_140681. Контрактная деталь, без пробега по России. Задавайте, пожалуйста, вопросы непосредственно перед заключением сделки, остатки меняются ежедневно. Доставку осуществляем ТК сразу в ваш город. Срок доставки до Москвы 2-4 дня, бывают исключения, где сроки доставки могут увеличиться. Состояние вы оцениваете сами, по предоставленным фотографиям). Если деталь не понадобилась - возврат не рассматривается! По VIN автомобиля запчасти не подбираем, строго по заводскому номеру, указанному на детали. С Уважением, компания REPPART!",1,54600,под заказ,2-4 дня,http://171.25.166.53/~Reppart/reppart/140681-79693892.png,1813
АРТИКУЛ: D-79694068,Крыло заднее левое,б/у,Ford,Focus 3,    ,, 1.6 л,2015 ,L,R,,,"Крыло заднее левое Ford Focus 3 2015 г.в., бензин,  1.6 л. Будьте готовы назвать АРТИКУЛ: D-79694068. Склад: 4_420_PB_140681. Контрактная деталь, без пробега по России. Задавайте, пожалуйста, вопросы непосредственно перед заключением сделки, остатки меняются ежедневно. Доставку осуществляем ТК сразу в ваш город. Срок доставки до Москвы 2-4 дня, бывают исключения, где сроки доставки могут увеличиться. Состояние вы оцениваете сами, по предоставленным фотографиям). Если деталь не понадобилась - возврат не рассматривается! По VIN автомобиля запчасти не подбираем, строго по заводскому номеру, указанному на детали. С Уважением, компания REPPART!",1,65100,под заказ,2-4 дня,Нет фотографии,1813
АРТИКУЛ: D-79694070,Крыло заднее правое,б/у,Ford,Focus 3,    ,, 1.6 л,2015 ,L,R,,,"Крыло заднее правое Ford Focus 3 2015 г.в., бензин,  1.6 л. Будьте готовы назвать АРТИКУЛ: D-79694070. Склад: 4_420_PB_140681. Контрактная деталь, без пробега по России. Задавайте, пожалуйста, вопросы непосредственно перед заключением сделки, остатки меняются ежедневно. Доставку осуществляем ТК сразу в ваш город. Срок доставки до Москвы 2-4 дня, бывают исключения, где сроки доставки могут увеличиться. Состояние вы оцениваете сами, по предоставленным фотографиям). Если деталь не понадобилась - возврат не рассматривается! По VIN автомобиля запчасти не подбираем, строго по заводскому номеру, указанному на детали. С Уважением, компания REPPART!",1,65100,под заказ,2-4 дня,Нет фотографии,1813
АРТИКУЛ: D-91930803,Рулевая рейка,новая,Ford,Focus,    ,1921063,    ,2012 ,L,R,,,"Рулевая рейка Ford Focus 2012 г.в.. Будьте готовы назвать АРТИКУЛ: D-91930803. Номер детали: 1921063, 1921063. Склад: 4_800_PB_45653. Новая деталь. Задавайте, пожалуйста, вопросы непосредственно перед заключением сделки, остатки меняются ежедневно. Доставку осуществляем ТК сразу в ваш город. Срок доставки до Москвы 2-4 дня, бывают исключения, где сроки доставки могут увеличиться. Состояние вы оцениваете сами, по предоставленным фотографиям). Если деталь не понадобилась - возврат не рассматривается! По VIN автомобиля запчасти не подбираем, строго по заводскому номеру, указанному на детали. С Уважением, компания REPPART!",1,121600,под заказ,2-4 дня,Нет фотографии,1813
АРТИКУЛ: D-124806844,Комплект сцепления,новая,Ford,Focus,    ,602000800, 1.6 л,2015 ,L,R,,,"Комплект сцепления Ford Focus 2015 г.в., бензин,  1.6 л, седан. Будьте готовы назвать АРТИКУЛ: D-124806844. Номер детали: 602000800, 602000800. Склад: 4_850_PB_43392. Новая деталь. Задавайте, пожалуйста, вопросы непосредственно перед заключением сделки, остатки меняются ежедневно. Доставку осуществляем ТК сразу в ваш город. Срок доставки до Москвы 2-4 дня, бывают исключения, где сроки доставки могут увеличиться. Состояние вы оцениваете сами, по предоставленным фотографиям). Если деталь не понадобилась - возврат не рассматривается! По VIN автомобиля запчасти не подбираем, строго по заводскому номеру, указанному на детали. С Уважением, компания REPPART!",1,129200,под заказ,2-4 дня,http://171.25.166.53/~Reppart/reppart/43392-124806844.png,1813
АРТИКУЛ: D-79051,Двигатель,б/у,Ford,Focus CB8,    ,CV6Z6007C,    ,2013 ,L,R,,,"Двигатель Ford Focus CB8 2013 г.в.. Будьте готовы назвать АРТИКУЛ: D-79051. Номер детали: CV6Z6007C, CV6Z6007C. Склад: 4_1158_PB_271357. Контрактная деталь, без пробега по России. Задавайте, пожалуйста, вопросы непосредственно перед заключением сделки, остатки меняются ежедневно. Доставку осуществляем ТК сразу в ваш город. Срок доставки до Москвы 2-4 дня, бывают исключения, где сроки доставки могут увеличиться. Состояние вы оцениваете сами, по предоставленным фотографиям). Если деталь не понадобилась - возврат не рассматривается! По VIN автомобиля запчасти не подбираем, строго по заводскому номеру, указанному на детали. С Уважением, компания REPPART!",1,174900,под заказ,2-4 дня,http://171.25.166.53/~Reppart/reppart/271357-79051.png,1813
АРТИКУЛ: D-79052,КПП автоматическая (АКПП),б/у,Ford,Focus CB8,    ,BV6P7000DA,    ,2013 ,L,R,,,"КПП автоматическая (АКПП) Ford Focus CB8 2013 г.в.. Будьте готовы назвать АРТИКУЛ: D-79052. Номер детали: BV6P7000DA, BV6P7000DA. Склад: 4_698_PB_271357. Контрактная деталь, без пробега по России. Задавайте, пожалуйста, вопросы непосредственно перед заключением сделки, остатки меняются ежедневно. Доставку осуществляем ТК сразу в ваш город. Срок доставки до Москвы 2-4 дня, бывают исключения, где сроки доставки могут увеличиться. Состояние вы оцениваете сами, по предоставленным фотографиям). Если деталь не понадобилась - возврат не рассматривается! По VIN автомобиля запчасти не подбираем, строго по заводскому номеру, указанному на детали. С Уважением, компания REPPART!",1,106800,под заказ,2-4 дня,http://171.25.166.53/~Reppart/reppart/271357-79052.png,1813
АРТИКУЛ: D-122608425,Двигатель,б/у,Ford,Focus,    ,ASDA, 1.4 л,2011 ,L,R,,,"Двигатель Ford Focus 2011 г.в., бензин,  1.4 л. Будьте готовы назвать АРТИКУЛ: D-122608425. Номер детали: ASDA, ASDA. Склад: 4_500_PB_211032. Контрактная деталь, без пробега по России. Задавайте, пожалуйста, вопросы непосредственно перед заключением сделки, остатки меняются ежедневно. Доставку осуществляем ТК сразу в ваш город. Срок доставки до Москвы 2-4 дня, бывают исключения, где сроки доставки могут увеличиться. Состояние вы оцениваете сами, по предоставленным фотографиям). Если деталь не понадобилась - возврат не рассматривается! По VIN автомобиля запчасти не подбираем, строго по заводскому номеру, указанному на детали. С Уважением, компания REPPART!",1,77000,под заказ,2-4 дня,http://171.25.166.53/~Reppart/reppart/211032-122608425.png,1813
АРТИКУЛ: D-108464698_5,Головка блока цилиндров,б/у,Ford,Focus,    ,, 1.6 л,2014 ,L,R,,,"Головка блока цилиндров Ford Focus 2014 г.в., дизель,  1.6 л. Будьте готовы назвать АРТИКУЛ: D-108464698_5. Склад: 4_440_PB_136508. Контрактная деталь, без пробега по России. Задавайте, пожалуйста, вопросы непосредственно перед заключением сделки, остатки меняются ежедневно. Доставку осуществляем ТК сразу в ваш город. Срок доставки до Москвы 2-4 дня, бывают исключения, где сроки доставки могут увеличиться. Состояние вы оцениваете сами, по предоставленным фотографиям). Если деталь не понадобилась - возврат не рассматривается! По VIN автомобиля запчасти не подбираем, строго по заводскому номеру, указанному на детали. С Уважением, компания REPPART!",1,68200,под заказ,2-4 дня,http://171.25.166.53/~Reppart/reppart/136508-108464698_5.png,1813
АРТИКУЛ: D-3578AGACHMVW6Q_st,Стекло лобовое,новая,Ford,Focus 2014-2019,    ,3578AGACHMVW6Q,    ,2015 ,L,R,,,"Стекло лобовое Ford Focus 2014-2019 2015 г.в.. Будьте готовы назвать АРТИКУЛ: D-3578AGACHMVW6Q_st. Номер детали: 3578AGACHMVW6Q, 3578AGACHMVW6Q. Склад: 4_669_PB_229882. Новая деталь. Задавайте, пожалуйста, вопросы непосредственно перед заключением сделки, остатки меняются ежедневно. Доставку осуществляем ТК сразу в ваш город. Срок доставки до Москвы 2-4 дня, бывают исключения, где сроки доставки могут увеличиться. Состояние вы оцениваете сами, по предоставленным фотографиям). Если деталь не понадобилась - возврат не рассматривается! По VIN автомобиля запчасти не подбираем, строго по заводскому номеру, указанному на детали. С Уважением, компания REPPART!",1,102400,под заказ,2-4 дня,http://171.25.166.53/~Reppart/reppart/229882-3578AGACHMVW6Q_st.png,1813
АРТИКУЛ: D-3578AGSCHMVW6Q_st,Стекло лобовое,новая,Ford,Focus 2014-2019,    ,3578AGSCHMVW6Q,    ,2015 ,L,R,,,"Стекло лобовое Ford Focus 2014-2019 2015 г.в.. Будьте готовы назвать АРТИКУЛ: D-3578AGSCHMVW6Q_st. Номер детали: 3578AGSCHMVW6Q, 3578AGSCHMVW6Q. Склад: 4_669_PB_229882. Новая деталь. Задавайте, пожалуйста, вопросы непосредственно перед заключением сделки, остатки меняются ежедневно. Доставку осуществляем ТК сразу в ваш город. Срок доставки до Москвы 2-4 дня, бывают исключения, где сроки доставки могут увеличиться. Состояние вы оцениваете сами, по предоставленным фотографиям). Если деталь не понадобилась - возврат не рассматривается! По VIN автомобиля запчасти не подбираем, строго по заводскому номеру, указанному на детали. С Уважением, компания REPPART!",1,102400,под заказ,2-4 дня,http://171.25.166.53/~Reppart/reppart/229882-3578AGSCHMVW6Q_st.png,1813
АРТИКУЛ: D-3578AGSHMVW1U_st,Стекло лобовое,новая,Ford,Focus 2011-2019,    ,3578AGSHMVW1U,    ,2014 ,L,R,,,"Стекло лобовое Ford Focus 2011-2019 2014 г.в.. Будьте готовы назвать АРТИКУЛ: D-3578AGSHMVW1U_st. Номер детали: 3578AGSHMVW1U, 3578AGSHMVW1U. Склад: 4_461_PB_229882. Новая деталь. Задавайте, пожалуйста, вопросы непосредственно перед заключением сделки, остатки меняются ежедневно. Доставку осуществляем ТК сразу в ваш город. Срок доставки до Москвы 2-4 дня, бывают исключения, где сроки доставки могут увеличиться. Состояние вы оцениваете сами, по предоставленным фотографиям). Если деталь не понадобилась - возврат не рассматривается! По VIN автомобиля запчасти не подбираем, строго по заводскому номеру, указанному на детали. С Уважением, компания REPPART!",1,71500,под заказ,2-4 дня,Нет фотографии,1813
АРТИКУЛ: D-3578AGSHVW1B_st,Стекло лобовое,новая,Ford,Focus 2011-2019,    ,3578AGSHVW1B,    ,2014 ,L,R,,,"Стекло лобовое Ford Focus 2011-2019 2014 г.в.. Будьте готовы назвать АРТИКУЛ: D-3578AGSHVW1B_st. Номер детали: 3578AGSHVW1B, 3578AGSHVW1B. Склад: 4_418_PB_229882. Новая деталь. Задавайте, пожалуйста, вопросы непосредственно перед заключением сделки, остатки меняются ежедневно. Доставку осуществляем ТК сразу в ваш город. Срок доставки до Москвы 2-4 дня, бывают исключения, где сроки доставки могут увеличиться. Состояние вы оцениваете сами, по предоставленным фотографиям). Если деталь не понадобилась - возврат не рассматривается! По VIN автомобиля запчасти не подбираем, строго по заводскому номеру, указанному на детали. С Уважением, компания REPPART!",1,64800,под заказ,2-4 дня,http://171.25.166.53/~Reppart/reppart/229882-3578AGSHVW1B_st.png,1813
АРТИКУЛ: D-3577AGAHVW_st,Стекло лобовое,новая,Ford,Focus 2010-2015,    ,3577AGAHVW,    ,2011 ,L,R,,,"Стекло лобовое Ford Focus 2010-2015 2011 г.в.. Будьте готовы назвать АРТИКУЛ: D-3577AGAHVW_st. Номер детали: 3577AGAHVW, 3577AGAHVW. Склад: 4_434_PB_229882. Новая деталь. Задавайте, пожалуйста, вопросы непосредственно перед заключением сделки, остатки меняются ежедневно. Доставку осуществляем ТК сразу в ваш город. Срок доставки до Москвы 2-4 дня, бывают исключения, где сроки доставки могут увеличиться. Состояние вы оцениваете сами, по предоставленным фотографиям). Если деталь не понадобилась - возврат не рассматривается! По VIN автомобиля запчасти не подбираем, строго по заводскому номеру, указанному на детали. С Уважением, компания REPPART!",1,67300,под заказ,2-4 дня,http://171.25.166.53/~Reppart/reppart/229882-3577AGAHVW_st.png,1813
АРТИКУЛ: D-3577AGAHMVW1P_st,Стекло лобовое,новая,Ford,Focus 2010-2015,    ,3577AGAHMVW1P,    ,2011 ,L,R,,,"Стекло лобовое Ford Focus 2010-2015 2011 г.в.. Будьте готовы назвать АРТИКУЛ: D-3577AGAHMVW1P_st. Номер детали: 3577AGAHMVW1P, 3577AGAHMVW1P. Склад: 4_372_PB_229882. Новая деталь. Задавайте, пожалуйста, вопросы непосредственно перед заключением сделки, остатки меняются ежедневно. Доставку осуществляем ТК сразу в ваш город. Срок доставки до Москвы 2-4 дня, бывают исключения, где сроки доставки могут увеличиться. Состояние вы оцениваете сами, по предоставленным фотографиям). Если деталь не понадобилась - возврат не рассматривается! По VIN автомобиля запчасти не подбираем, строго по заводскому номеру, указанному на детали. С Уважением, компания REPPART!",1,58100,под заказ,2-4 дня,http://171.25.166.53/~Reppart/reppart/229882-3577AGAHMVW1P_st.png,1814
АРТИКУЛ: D-93846485,Блок управления АКПП,б/у,Ford,Focus,    ,2015846, 1.6 л,2011 ,L,R,,,"Блок управления АКПП Ford Focus 2011 г.в., бензин,  1.6 л. Будьте готовы назвать АРТИКУЛ: D-93846485. Номер детали: 2015846, 2015846. Склад: 4_700_PB_19252. Контрактная деталь, без пробега по России. Задавайте, пожалуйста, вопросы непосредственно перед заключением сделки, остатки меняются ежедневно. Доставку осуществляем ТК сразу в ваш город. Срок доставки до Москвы 2-4 дня, бывают исключения, где сроки доставки могут увеличиться. Состояние вы оцениваете сами, по предоставленным фотографиям). Если деталь не понадобилась - возврат не рассматривается! По VIN автомобиля запчасти не подбираем, строго по заводскому номеру, указанному на детали. С Уважением, компания REPPART!",1,107100,под заказ,2-4 дня,http://171.25.166.53/~Reppart/reppart/19252-93846485.png,1814
АРТИКУЛ: D-119276553,Рулевая рейка,б/у,Ford,Focus,    ,,    ,2014 ,L,R,,,"Рулевая рейка Ford Focus 2014 г.в.. Будьте готовы назвать АРТИКУЛ: D-119276553. Склад: 4_420_PB_2084. Контрактная деталь, без пробега по России. Задавайте, пожалуйста, вопросы непосредственно перед заключением сделки, остатки меняются ежедневно. Доставку осуществляем ТК сразу в ваш город. Срок доставки до Москвы 2-4 дня, бывают исключения, где сроки доставки могут увеличиться. Состояние вы оцениваете сами, по предоставленным фотографиям). Если деталь не понадобилась - возврат не рассматривается! По VIN автомобиля запчасти не подбираем, строго по заводскому номеру, указанному на детали. С Уважением, компания REPPART!",1,65100,под заказ,2-4 дня,http://171.25.166.53/~Reppart/reppart/2084-119276553.png,1814
АРТИКУЛ: D-3578AGSCHMVW2P_ng_lm,Стекло лобовое,новая,Ford,Focus III,    ,3578AGSCHMVW2P,    ,2014 ,L,R,,,"Стекло лобовое Ford Focus III 2014 г.в.. Будьте готовы назвать АРТИКУЛ: D-3578AGSCHMVW2P_ng_lm. Номер детали: 3578AGSCHMVW2P, 3578AGSCHMVW2P. Склад: 4_516_PB_197628. Новая деталь. Задавайте, пожалуйста, вопросы непосредственно перед заключением сделки, остатки меняются ежедневно. Доставку осуществляем ТК сразу в ваш город. Срок доставки до Москвы 2-4 дня, бывают исключения, где сроки доставки могут увеличиться. Состояние вы оцениваете сами, по предоставленным фотографиям). Если деталь не понадобилась - возврат не рассматривается! По VIN автомобиля запчасти не подбираем, строго по заводскому номеру, указанному на детали. С Уважением, компания REPPART!",1,79500,под заказ,2-4 дня,http://171.25.166.53/~Reppart/reppart/197628-3578AGSCHMVW2P_ng_lm.png,1814
АРТИКУЛ: D-118128758,Комплект сцепления,новая,Ford,Focus,    ,845175, 1.6 л,2011 ,L,R,,,"Комплект сцепления Ford Focus 2011 г.в., дизель,  1.6 л. Будьте готовы назвать АРТИКУЛ: D-118128758. Номер детали: 845175, 845175. Склад: 4_400_PB_119013. Новая деталь. Задавайте, пожалуйста, вопросы непосредственно перед заключением сделки, остатки меняются ежедневно. Доставку осуществляем ТК сразу в ваш город. Срок доставки до Москвы 2-4 дня, бывают исключения, где сроки доставки могут увеличиться. Состояние вы оцениваете сами, по предоставленным фотографиям). Если деталь не понадобилась - возврат не рассматривается! По VIN автомобиля запчасти не подбираем, строго по заводскому номеру, указанному на детали. С Уважением, компания REPPART!",1,62400,под заказ,2-4 дня,http://171.25.166.53/~Reppart/reppart/119013-118128758.png,1814
АРТИКУЛ: D-117426939,Капот,б/у,Ford,Focus 3 rest,    ,,    ,2017 ,L,R,,,"Капот Ford Focus 3 rest 2017 г.в.. Будьте готовы назвать АРТИКУЛ: D-117426939. Склад: 4_350_PB_53451. Контрактная деталь, без пробега по России. Задавайте, пожалуйста, вопросы непосредственно перед заключением сделки, остатки меняются ежедневно. Доставку осуществляем ТК сразу в ваш город. Срок доставки до Москвы 2-4 дня, бывают исключения, где сроки доставки могут увеличиться. Состояние вы оцениваете сами, по предоставленным фотографиям). Если деталь не понадобилась - возврат не рассматривается! По VIN автомобиля запчасти не подбираем, строго по заводскому номеру, указанному на детали. С Уважением, компания REPPART!",1,54600,под заказ,2-4 дня,http://171.25.166.53/~Reppart/reppart/53451-117426939.png,1814
АРТИКУЛ: D-116552157,Рулевая рейка,новая,Ford,Focus Эур,    ,,    ,2012 ,L,R,,,"Рулевая рейка Ford Focus Эур 2012 г.в.. Будьте готовы назвать АРТИКУЛ: D-116552157. Склад: 4_550_PB_106584. Новая деталь. Задавайте, пожалуйста, вопросы непосредственно перед заключением сделки, остатки меняются ежедневно. Доставку осуществляем ТК сразу в ваш город. Срок доставки до Москвы 2-4 дня, бывают исключения, где сроки доставки могут увеличиться. Состояние вы оцениваете сами, по предоставленным фотографиям). Если деталь не понадобилась - возврат не рассматривается! По VIN автомобиля запчасти не подбираем, строго по заводскому номеру, указанному на детали. С Уважением, компания REPPART!",1,84700,под заказ,2-4 дня,http://171.25.166.53/~Reppart/reppart/106584-116552157.png,1814
АРТИКУЛ: D-70451208000,Клапан EGR,новая,Ford,Focus,    ,704512080, 1.5 л,2014 ,L,R,,,"Клапан EGR Ford Focus 2014 г.в., дизель,  1.5 л. Будьте готовы назвать АРТИКУЛ: D-70451208000. Номер детали: 704512080, 704512080. Склад: 4_372_PB_176723. Новая деталь. Задавайте, пожалуйста, вопросы непосредственно перед заключением сделки, остатки меняются ежедневно. Доставку осуществляем ТК сразу в ваш город. Срок доставки до Москвы 2-4 дня, бывают исключения, где сроки доставки могут увеличиться. Состояние вы оцениваете сами, по предоставленным фотографиям). Если деталь не понадобилась - возврат не рассматривается! По VIN автомобиля запчасти не подбираем, строго по заводскому номеру, указанному на детали. С Уважением, компания REPPART!",1,58100,под заказ,2-4 дня,http://171.25.166.53/~Reppart/reppart/176723-70451208000.png,1814
АРТИКУЛ: D-91923345,Капот,б/у,Ford,Focus 3 rest,    ,,    ,2016 ,L,R,,,"Капот Ford Focus 3 rest 2016 г.в.. Будьте готовы назвать АРТИКУЛ: D-91923345. Склад: 4_350_PB_46633. Контрактная деталь, без пробега по России. Задавайте, пожалуйста, вопросы непосредственно перед заключением сделки, остатки меняются ежедневно. Доставку осуществляем ТК сразу в ваш город. Срок доставки до Москвы 2-4 дня, бывают исключения, где сроки доставки могут увеличиться. Состояние вы оцениваете сами, по предоставленным фотографиям). Если деталь не понадобилась - возврат не рассматривается! По VIN автомобиля запчасти не подбираем, строго по заводскому номеру, указанному на детали. С Уважением, компания REPPART!",1,54600,под заказ,2-4 дня,http://171.25.166.53/~Reppart/reppart/46633-91923345.png,1814
АРТИКУЛ: D-76680050,Капот,б/у,Ford,Focus 3 рестайлинг,    ,,    ,2017 ,L,R,,,"Капот Ford Focus 3 рестайлинг 2017 г.в.. Будьте готовы назвать АРТИКУЛ: D-76680050. Склад: 4_326_PB_46633. Контрактная деталь, без пробега по России. Задавайте, пожалуйста, вопросы непосредственно перед заключением сделки, остатки меняются ежедневно. Доставку осуществляем ТК сразу в ваш город. Срок доставки до Москвы 2-4 дня, бывают исключения, где сроки доставки могут увеличиться. Состояние вы оцениваете сами, по предоставленным фотографиям). Если деталь не понадобилась - возврат не рассматривается! По VIN автомобиля запчасти не подбираем, строго по заводскому номеру, указанному на детали. С Уважением, компания REPPART!",1,51200,под заказ,2-4 дня,http://171.25.166.53/~Reppart/reppart/46633-76680050.png,1814
АРТИКУЛ: D-602000800,Комплект сцепления,новая,Ford,Focus Powershift,    ,602000800, 1.6 л,2011 ,L,R,,,"Комплект сцепления Ford Focus Powershift 2011 г.в., бензин,  1.6 л. Будьте готовы назвать АРТИКУЛ: D-602000800. Номер детали: 602000800, 602000800. Склад: 4_822_PB_106584. Новая деталь. Задавайте, пожалуйста, вопросы непосредственно перед заключением сделки, остатки меняются ежедневно. Доставку осуществляем ТК сразу в ваш город. Срок доставки до Москвы 2-4 дня, бывают исключения, где сроки доставки могут увеличиться. Состояние вы оцениваете сами, по предоставленным фотографиям). Если деталь не понадобилась - возврат не рассматривается! По VIN автомобиля запчасти не подбираем, строго по заводскому номеру, указанному на детали. С Уважением, компания REPPART!",1,125000,под заказ,2-4 дня,http://171.25.166.53/~Reppart/reppart/106584-602000800.png,1814
АРТИКУЛ: D-72635421,Блок управления АКПП,новая,Ford,Focus,    ,, 1.6 л,2012 ,L,R,,,"Блок управления АКПП Ford Focus 2012 г.в., бензин,  1.6 л. Будьте готовы назвать АРТИКУЛ: D-72635421. Склад: 4_900_PB_106584. Новая деталь. Задавайте, пожалуйста, вопросы непосредственно перед заключением сделки, остатки меняются ежедневно. Доставку осуществляем ТК сразу в ваш город. Срок доставки до Москвы 2-4 дня, бывают исключения, где сроки доставки могут увеличиться. Состояние вы оцениваете сами, по предоставленным фотографиям). Если деталь не понадобилась - возврат не рассматривается! По VIN автомобиля запчасти не подбираем, строго по заводскому номеру, указанному на детали. С Уважением, компания REPPART!",1,136800,под заказ,2-4 дня,http://171.25.166.53/~Reppart/reppart/106584-72635421.png,1814
